Repo,hash,branch
PIP-Technical-Team/aux_censoring,6a6893870f69181f20e9855496440f5bce3ab9cf,DEV
PIP-Technical-Team/aux_country_list,936d0005b0d59142a22358f411a8c9bf8daccdca,DEV
PIP-Technical-Team/aux_cp,5c0ca55f790fef6aad1ba03c613a066815565131,DEV
PIP-Technical-Team/aux_cpi,d7ab22032077f5131e25463d910cebaf2f360114,DEV
PIP-Technical-Team/aux_dictionary,21140e9a034643df7ba64d08605a2b7d07e2501c,DEV
PIP-Technical-Team/aux_dlw,c51a7a271b3b8566e3bd2a0c749179a1a2fc9e6a,DEV
PIP-Technical-Team/aux_gdm,c1b8fb40d5bf5eed8f1dd299be50d5a4355ae896,DEV
PIP-Technical-Team/aux_gdp,a4f23a331d738fe0c82f30901d2043d88cce2717,DEV
PIP-Technical-Team/aux_income_groups,faa0b3424d28a236c283c1bb036cedc683c767ee,DEV
PIP-Technical-Team/aux_indicators,efc30b9b51fc2b53379fb8ef2f893047da228525,DEV
PIP-Technical-Team/aux_maddison,ce37342b50c757b44446aeb22649af733b757959,DEV
PIP-Technical-Team/aux_metadata,fbe2447186019feae48a0ea9b37bddec725fa156,DEV
PIP-Technical-Team/aux_npl,bf4513baf077189c5f42dcde8696f903fbabeb02,DEV
PIP-Technical-Team/aux_pce,1408a749ea348bf3c9ae2114d6d6e6d1e230001e,DEV
PIP-Technical-Team/aux_pfw,c058d0246f59635b5d5ea59ceed8b6bdd87142d2,DEV
PIP-Technical-Team/aux_pl,e81910e2848e88d3b0319beec15b0b0b1a4f86d8,DEV
PIP-Technical-Team/aux_pop,639613e9032e61c45b3f1dd8208cff0587d1b624,DEV
PIP-Technical-Team/aux_ppp,4da6c3646a8a3c89e353636283341a0820dfb3d6,DEV
PIP-Technical-Team/aux_regions,274113fc129ac360c27ef88bf9c58e5263a88764,DEV
PIP-Technical-Team/aux_shp,373bd77aa1cb5f6c0d043356e9aa75f2e108ff61,DEV
PIP-Technical-Team/aux_sna,ce4b58e96e764741a1f60a15c2eccefd9d9a90e9,DEV
PIP-Technical-Team/aux_sub,937dc962f7a3d39c2ae47e5b7e4d5b62c219e11f,DEV
PIP-Technical-Team/aux_wdi,09ea3a190b98c2bebc11d29f1630056794c4bf48,DEV
PIP-Technical-Team/aux_weo,59de09ae73e43fbfb7a1fbd15c8c8a2e1c55336e,DEV
PIP-Technical-Team/aux_metaregion,2cedf86f36fad517f6934773ce302971403da965,DEV
PIP-Technical-Team/aux_ppp,3adcf74393c4005e113c7859df65d2bdbfba3544,test